Price,Open,High,Low,Close,Volume,RSI,MACD,MACD_signal
Ticker,AAPL,AAPL,AAPL,AAPL,AAPL,,,
Date,,,,,,,,
2023-05-15,171.44347960387887,171.49298697857782,169.77023004875,170.36428833007812,37266700,,,
2023-05-16,170.28507955206572,171.42367363249335,170.0969605927275,170.36428833007812,42110300,,,
2023-05-17,170.00783790944186,171.21573009717264,168.7306172756303,170.97811889648438,57951600,,,
2023-05-18,171.28503138533677,173.50283145007626,170.86919670585942,173.31471252441406,65496700,,,
2023-05-19,174.6414324508558,174.6414324508558,173.20580942819797,173.4236297607422,55772400,,,
2023-05-22,172.25533943207657,172.97811385055638,171.73059450812943,172.47315979003906,43570900,,,
2023-05-23,171.41375772100255,171.66127945739515,169.5820908286863,169.85931396484375,50747300,,,
2023-05-24,169.39397044171028,170.71078788094945,168.82962874348078,170.13653564453125,45143500,,,
2023-05-25,170.70090944955888,172.17612946392208,169.9880455752579,171.27516174316406,56058300,,,
2023-05-26,171.60189457506777,174.02760482348145,171.39396964747598,173.6909637451172,54835000,,,
2023-05-30,175.20579349606086,177.21566879798618,174.81966018947244,175.54241943359375,55964400,,,
2023-05-31,175.57212869440465,177.57210865507508,175.00777185545402,175.492919921875,99625300,,,
2023-06-01,175.9384564736909,178.33446519527467,175.17608525533697,178.3047637939453,68901800,,,
2023-06-02,179.2354282464183,179.97799341291704,177.48297022337377,179.15621948242188,61945900,81.15350867078769,,
2023-06-05,180.81955719143568,183.11655071245002,176.2750472958808,177.79978942871094,121946500,71.841552674936,,
2023-06-06,178.18596289670575,178.33446990727649,175.67113339582835,177.43350219726562,64848400,69.52168629614627,,
2023-06-07,176.67113061333816,179.41367589423808,175.56223798316736,176.05728149414062,61944600,61.48777504826232,,
2023-06-08,176.1364534617516,179.04731136486936,175.70082791608735,178.77999877929688,50214900,69.09652334445572,,
2023-06-09,179.70080859942686,180.423567952115,178.83943765707895,179.16616821289062,48870700,70.00177675701238,,
2023-06-12,179.47308536155512,182.06710862095264,179.17605622243772,181.9680938720703,54274900,75.58916512908606,,
2023-06-13,180.98788948565831,182.32449774459167,180.63145759510397,181.49282836914062,54929100,73.10198707872368,,
2023-06-14,181.5522431050323,182.56213604593384,180.21563475820471,182.12649536132812,57462900,74.31545601576398,,
2023-06-15,182.136425495302,184.67104599748652,181.95820196536692,184.1660919189453,65433200,77.78880387864075,,
2023-06-16,184.878923163322,185.13635542691418,182.4433178422068,183.0868682861328,101235600,72.22328667483205,,
2023-06-20,182.58193651385486,184.2551858622496,182.58193651385486,183.1759796142578,49799100,72.39888533994318,,
2023-06-21,183.0670826761933,183.57203672168455,180.77998409317422,182.13641357421875,49515700,67.07186236821872,2.9253800021410825,
2023-06-22,181.91859254012144,185.19577812392734,181.84927919785179,185.14627075195312,51245300,73.21652566516865,3.060270612022464,
2023-06-23,183.71061886586367,185.70068800461124,183.17596350424247,184.82940673828125,53079300,71.6996168638767,3.1058023581377654,
2023-06-26,184.97794384564872,186.18585111473345,183.39379870692287,183.43341064453125,48088700,65.28245760748925,2.9947201077792727,
2023-06-27,184.04726807160984,186.52248552112178,183.8294477274505,186.1957550048828,50730800,70.84332217966546,3.093919944845169,
2023-06-28,186.0670251747448,188.0174975900725,185.7403097900696,187.3739471435547,51216800,72.84144846920329,3.230369105234189,
2023-06-29,187.20563240999925,188.1858238773272,187.06702084863718,187.7105712890625,46347300,73.402293545233,3.327313603126697,
2023-06-30,189.73036510372253,192.55210381756805,189.36402266288647,192.0471649169922,85069600,79.3255275556376,3.711288258653667,
2023-07-03,191.85904618822673,191.9580609253223,189.85906633761323,190.55213928222656,31458200,73.26776506483627,3.850567915240191,3.352309406019193
2023-07-05,189.6709759307026,191.06698713435688,188.7303811843197,189.433349609375,46920300,69.02001629285203,3.826560858432458,3.4471596965018465
2023-07-06,187.95809689875657,190.11649423604223,187.32444187549908,189.9085693359375,45094300,69.82038530226316,3.8020536455774447,3.5181384863169667
2023-07-07,189.51255404191053,190.7600582083635,188.35415407859097,188.78977966308594,46778000,65.52822294034598,3.650276412080899,3.5445660714697533
2023-07-10,187.38386117936162,188.10663557063202,185.18586681905202,186.7403106689453,59922200,58.44081033290897,3.326273629471757,3.500907583070154
2023-07-11,187.28487201023415,187.42348359441797,184.75025155228488,186.215576171875,46638100,56.74843698188418,2.992659881171562,3.3992580426904357
2023-07-12,187.79968989475896,189.7996698114742,186.60169311695756,187.88880920410156,60750200,60.660536370484536,2.8306544811576373,3.2855373303838764
2023-07-13,188.61157199087162,189.29473443261006,187.89870814797314,188.6511688232422,41342300,62.33226476996011,2.732284015082058,3.1748866673235128
2023-07-14,188.34422075160825,189.28480025511277,187.75017769506536,188.79966735839844,41573900,62.66507718036884,2.635922034322107,3.067093740723232
2023-07-17,189.9976776399959,192.39370132812152,189.9085734412509,192.0669708251953,50520200,69.12821887529627,2.7910253511997496,3.011880062818536
2023-07-18,191.433317028607,192.40359800546008,190.51252831302557,191.80953979492188,48353800,68.12751161546547,2.8602026785185046,2.9815445859585297
2023-07-19,191.18579595006162,196.26493172677777,190.74024473686075,193.1659698486328,80507300,70.54689122860671,2.9900117833689137,2.9832380254406066
2023-07-20,193.1560464503255,194.52237118378105,190.5917250482106,191.21548461914062,59581200,63.12645568796823,2.9020456018150753,2.9669995407155003
2023-07-21,192.17589935868594,193.03727024392953,189.33433929774543,190.0373077392578,71917800,59.08375038204049,2.7060688640051467,2.9148134053734296
2023-07-24,191.49275556563288,192.97788626161415,190.34425086826664,190.83929443359375,45377800,60.91848566300707,2.585663590750613,2.8489834424488665
2023-07-25,191.4135192381226,192.51251639930572,191.00757994716116,191.7006378173828,37283200,62.84549118687291,2.530573876329214,2.785301529224936
2023-07-26,191.75014067908202,193.70061320853526,191.40361930588426,192.57191467285156,47471900,64.73942792747283,2.5280775372463893,2.7338567308292268
2023-07-27,194.076873305403,195.24516880610398,190.64126993533102,191.30462646484375,47460200,59.95241575479947,2.3962174995797625,2.666328884579334
2023-07-28,192.74024356896163,194.6808208278144,192.21549864281087,193.8887481689453,48291400,65.54674681425324,2.4717417940476025,2.6274114664729877
2023-07-31,194.1164606567971,194.54220593555127,193.3243880114047,194.50259399414062,38824100,66.73547931254338,2.551713010309527,2.6122717752402957
2023-08-01,194.29468863259882,194.77982161953312,193.3441984148306,193.67092895507812,35175100,63.53692370121376,2.5189455212412497,2.5936065244404864
2023-08-02,193.1065496196106,193.24516118654293,189.94818497968632,190.6709442138672,50389300,53.56394365206656,2.22525203311406,2.5199356261752013
2023-08-03,189.67097673188036,190.46303425792703,188.79969532419432,189.27493286132812,61235200,49.65786154891784,1.8584285708960238,2.387634215119366
2023-08-04,183.68094960257173,185.52251207833032,180.11663025996506,180.18594360351562,115799700,32.85760148551566,0.824805022143039,2.0750683765241007
2023-08-07,180.32455640774955,181.31464344213896,175.5919415919706,177.0770721435547,97576100,29.21653537412726,-0.2424146270721792,1.6115717758048447
2023-08-08,177.9087289898081,178.48298124186843,175.81964489133262,178.01763916015625,67823000,31.68310011768324,-1.0007618309498412,1.0891050544539076
2023-08-09,179.0770095774785,179.13641237321562,175.25527360727992,176.423583984375,60378500,29.788540743402123,-1.710664904067869,0.5291510627495524
2023-08-10,177.70080592181807,178.95822060931928,175.8394526832055,176.20578002929688,54686900,29.52872092114889,-2.264736688208558,-0.029626487442069638
2023-08-11,175.7993034466227,177.0881424893324,175.03590276334816,176.2652587890625,51988100,29.709024127955544,-2.668284803913423,-0.5573581507363402
2023-08-14,176.44373225185288,178.14898275911253,175.78938877461678,177.92095947265625,43675600,34.71629084802889,-2.821968488991928,-1.0102802183874577
2023-08-15,177.34593637648265,177.94078172124355,175.53162857549793,175.92819213867188,43622600,31.78176081698662,-3.069183944240365,-1.4220609635580392
2023-08-16,175.61093536777827,177.00883168990967,174.98633341606396,175.0557403564453,46964900,30.563668395315432,-3.2974921046924806,-1.7971471917849275
2023-08-17,175.6208528452633,175.98767489704687,171.99223724872292,172.50778198242188,66062900,27.275793676405755,-3.642043700641807,-2.1661264935563036
2023-08-18,170.82235510894964,173.59834528388794,170.48527458580276,172.9935760498047,61114200,28.847404779800726,-3.8317339576126983,-2.4992479863675827
2023-08-21,173.56859991663836,174.61950689363672,172.25000423465377,174.3319854736328,46311900,33.13474609126767,-3.8299174931379696,-2.7653818877216603
2023-08-22,175.5415427319188,176.15622081199353,174.73849165880682,175.7100830078125,42084200,37.322531451044064,-3.6749148473825812,-2.9472884796538446
2023-08-23,176.98903312238062,179.99304691061286,176.80066012445005,179.5667266845703,52722800,47.27469028845135,-3.203942169543609,-2.9986192176317976
2023-08-24,179.12058855477642,179.54690878007156,174.5005486639036,174.8673858642578,54945800,39.12296207830777,-3.173310511095906,-3.0335574763246194
2023-08-25,175.85879974601767,177.6136093916348,174.31218067560857,177.0782470703125,51449600,44.01408936104913,-2.936783269252487,-3.0142026349101934
2023-08-28,178.5455506421133,179.04126265908485,177.0187642861302,178.6446990966797,43820700,47.248046795214826,-2.593043151525336,-2.929970738233222
2023-08-29,178.15889276911417,183.31429463018617,177.96061099136716,182.54098510742188,53003900,54.31662613367275,-1.9833659057081263,-2.7406497717282035
2023-08-30,183.35395983897268,186.23900735465395,183.1556780614674,186.04071044921875,60813900,59.55852241568873,-1.203915718264028,-2.4333029610353685
2023-08-31,186.22906281435257,187.49808420340318,185.87214960318659,186.25880432128906,60794500,59.8675661449582,-0.5621177329701652,-2.0590659154223276
2023-09-01,187.86493132785435,188.2912363685708,186.66530168187228,187.83518981933594,45732600,62.12075643018687,0.07287289618375326,-1.6326781531011116
2023-09-05,186.66529992482816,188.350717612699,186.00104769428793,188.0731201171875,45280000,62.463311444599846,0.5885224112049059,-1.1884380402399082
2023-09-06,186.78426205503195,187.2304149251444,179.91370149278592,181.3413543701172,81755800,48.96988988015598,0.4488075566978864,-0.8609889208523492
2023-09-07,173.67765269377628,176.6816813943478,172.05171790486162,176.03724670410156,112488800,41.384132327148876,-0.08888996428404994,-0.7065691295386894
2023-09-08,176.82047189213844,178.69426259870855,176.26526175899272,176.65191650390625,65551300,42.495821716992104,-0.46011647145891743,-0.657278597922735
2023-09-11,178.52571023294755,178.75373349578624,175.8191120741523,177.82179260253906,58953100,44.64755170868565,-0.6523965079988727,-0.6563021799379627
2023-09-12,177.95070042200115,178.58521118121962,173.32075212571604,174.78805541992188,90370200,40.42336061063696,-1.0376160667731824,-0.7325649573050067
2023-09-13,174.99622042167854,175.77945374423584,172.48791926125182,172.71595764160156,84267900,37.79323239650176,-1.4928971271401394,-0.8846313912720334
2023-09-14,172.50778112260195,174.58977763559852,172.09138484558866,174.2328643798828,60895800,40.828456225295575,-1.7115789346058818,-1.050020899938803
2023-09-15,174.96648860625493,174.9863213204115,172.329312484714,173.50909423828125,109205100,39.829863558803176,-1.921142311470561,-1.2242451822451548
2023-09-18,174.9664984209427,177.84163701778533,174.65915940995401,176.4437255859375,67257600,45.63584481929972,-1.82933513670568,-1.34526317313726
2023-09-19,175.99759154247158,178.08949677364237,175.61093679016653,177.5343017578125,51826900,47.657182469036314,-1.6495617850827102,-1.40612289552635
2023-09-20,177.72265814247962,178.1588871164402,173.89576095445636,173.98500061035156,58436200,42.162707024380644,-1.773050426941012,-1.4795084018092826
2023-09-21,173.0530629204369,174.78805492740332,172.3689779372214,172.43836975097656,63047900,39.99863576110419,-1.9729730447922122,-1.5782013304058686
2023-09-22,173.17201907467273,175.56135441857745,172.55734106823024,173.29098510742188,56725400,41.772904342742436,-2.0391086509159493,-1.6703827945078848
2023-09-25,172.7060340664089,175.4522824052414,172.6564598476282,174.56991577148438,46172700,44.427490230758664,-1.9656636323592807,-1.7294389620781643
2023-09-26,173.32073296072448,173.6974637546494,170.18782981503577,170.48526000976562,64588900,38.40528214040877,-2.2115619990134974,-1.825863569465231
2023-09-27,171.13960475321795,171.5560010147378,167.6002289663342,168.9683837890625,66921800,36.43037368725749,-2.5000187996218415,-1.9606946154965532
2023-09-28,167.88770703784505,170.5546395498357,166.18245684715794,169.22613525390625,56294400,37.02299017116151,-2.67696610433174,-2.1039489132635905
2023-09-29,170.54478085066916,171.58577919915737,168.8791804675017,169.74172973632812,51814200,38.26282161951672,-2.743963252109779,-2.231951781032828
2023-10-02,169.75161672914737,172.8052044328195,169.46409530048962,172.25991821289062,52164500,44.055780978328464,-2.5643025264310495,-2.2984219301124726
2023-10-03,170.78267952738358,172.14094058886474,169.35504178574476,170.92147827148438,49594600,41.810187396120156,-2.501090015582065,-2.338955547206391
2023-10-04,169.62273306372262,172.71598631340495,169.5037670214799,172.1707000732422,53020300,44.64615582026799,-2.323409072576311,-2.3358462522803753
2023-10-05,172.29956799243436,173.94533544106068,171.19908676207933,173.40997314453125,48527900,47.38565240449327,-2.058863369975228,-2.280449675819346
2023-10-06,172.30949278163357,176.46356172729125,171.69479961979252,175.9678497314453,57224100,52.59998482272445,-1.6240882527991687,-2.1491773912153107
2023-10-09,175.29365932051672,177.51445432768062,174.2923266162491,177.45497131347656,42390800,55.3693444930702,-1.1463135675242881,-1.9486046264771064
2023-10-10,176.5726011495921,178.17870301308767,176.4238784890915,176.860107421875,43698000,54.009995900645066,-0.8063787989891011,-1.7201594609795055
2023-10-11,176.6717569025772,178.30761560829964,176.07691156880261,178.25804138183594,47551100,56.700292444630705,-0.4193425385274736,-1.4599960764890993
2023-10-12,178.52573701205876,180.77625872690152,177.50455631675857,179.16024780273438,56743100,58.39197079999187,-0.039359286202056865,-1.1758687184316907
2023-10-13,179.8641135443321,180.36973426316322,176.61224451765878,177.316162109375,51427100,53.767985320346554,0.11169037795812642,-0.9183568991537273
2023-10-16,175.2341951108354,177.54421488719547,174.99624790055657,177.1873016357422,52517000,53.449470209234754,0.21848183912766217,-0.6909891514974494
2023-10-17,175.1350405719026,176.88986525789463,173.3009152798367,175.63075256347656,57549400,49.62530011783522,0.1754913845455519,-0.5176930442888492
2023-10-18,174.07422069011992,176.05706860986896,173.60825021874456,174.3319854736328,54764400,46.62758823123784,0.036204150745277275,-0.4069136052820239
2023-10-19,174.53027383635083,176.31484005715805,173.68757251536525,173.95526123046875,59302900,45.76403711468657,-0.10338868317680294,-0.34620862086097975
2023-10-20,173.80653768363138,173.91559492791032,171.15943743932888,171.3973846435547,64189300,40.30578953019369,-0.4156252046282418,-0.3600919376144322
2023-10-23,169.44425467817877,172.5176595517305,168.47264840823163,171.51632690429688,55980100,40.660207887377936,-0.6460302168215435,-0.4172795934558545
2023-10-24,171.5659057161436,172.18058368172586,169.97962145460033,171.9525604248047,43816600,42.019869122065145,-0.7843855413561869,-0.490700783035921
2023-10-25,170.40595412753765,171.57582713235345,169.1864917714858,169.6326446533203,57157000,37.145397246463375,-1.0689092270631875,-0.6063424718413744
2023-10-26,168.9088912991807,169.91023915738614,164.24920182104776,165.458740234375,70625300,30.32860223462484,-1.6126063791761283,-0.8075952533083252
2023-10-27,165.47858075180807,167.5110029440003,165.39926501775972,166.77734375,58499100,34.422939247924646,-1.9150149058908141,-1.029079183824823
2023-10-30,167.57047708446643,169.70203248533966,167.42175441803172,168.82957458496094,51131000,40.30295587770852,-1.9664104097201118,-1.2165454290038809
2023-10-31,167.89764555846892,169.43434051981868,166.4600687836398,169.3054656982422,44846000,41.61041484062758,-1.946305483059973,-1.3624974398150993
2023-11-01,169.5334969755198,172.73579212701503,168.66103905073186,172.47802734375,56934900,49.54409040522491,-1.655291799760846,-1.4210563118042487
2023-11-02,174.01474271477764,176.25535548295753,173.95525969593038,176.0471649169922,77334800,56.67599530254145,-1.123708374811855,-1.36158672440577
2023-11-03,172.74571998498175,175.30359567263832,171.8633532465518,175.13504028320312,79763700,54.55375888210199,-0.7671819200707546,-1.2427057635387668
2023-11-06,174.86736758526175,177.8911986418375,174.69882732290304,177.6929168701172,63841300,59.170912905908935,-0.2750621275702656,-1.0491770363450665
2023-11-07,177.64332285545842,180.87537437336846,177.4351323131202,180.2606964111328,70530000,63.21155728307188,0.3184735379464314,-0.775646921486767
2023-11-08,180.7861861177323,181.87674352341537,180.03269413889697,181.32154846191406,49340300,64.76308865987684,0.864491404861468,-0.44761925621711995
2023-11-09,181.39094357988108,182.54098393459674,180.2507968912838,180.8456573486328,53763500,63.46992176066913,1.2444686031814456,-0.10920168433740685
2023-11-10,182.63256439705196,185.2136688107188,182.19576071339824,185.04489135742188,66133400,69.29591923524535,1.8629711882850302,0.2852328901870806
2023-11-13,184.46910132249658,184.67756614585693,182.8708053693486,183.45651245117188,43627500,65.06864730944245,2.19961425602105,0.6681091633538745
2023-11-14,186.33543591459554,186.74245888927783,184.94561983989882,186.07733154296875,60108400,68.48482082867113,2.6473673077977935,1.0639607922426584
2023-11-15,186.4843631662735,188.12236184083608,186.414864785386,186.6431884765625,53790500,69.18552321664886,3.0131411372793764,1.453796861250002
2023-11-16,188.19184420357837,189.57173837709286,187.27851922089127,188.33082580566406,54412900,71.23937589041688,3.4000046238126345,1.8430384137625286
2023-11-17,188.8669158544037,188.99597562451044,187.19913643084107,188.3109893798828,50922700,71.17932252895157,3.6627739126431607,2.206985513538655
2023-11-20,188.50951003765908,190.51482899547432,188.49958819031184,190.05816650390625,46505100,73.31321107812384,3.966282226747097,2.5588448561803436
2023-11-21,190.0184652287441,190.12766614172318,188.36060783923182,189.25405883789062,38134500,70.71807618932482,4.094728502596553,2.866021585463586
2023-11-22,190.09788874466753,191.52740733771327,189.4426832554431,189.919189453125,39617700,71.61317690644232,4.201758329020407,3.1331689341749502
2023-11-24,189.48239453680722,189.51217522879531,187.87417657801197,188.5889434814453,24048300,67.189499945651,4.131613832563005,3.3328579138525614
2023-11-27,188.5393075690696,189.28385517880056,187.52671857843467,188.41024780273438,40552600,66.5943931471039,4.015318473987662,3.4693500258795815
2023-11-28,188.4003202806091,189.690872461515,188.02307798905798,189.01580810546875,38415400,67.64037701466458,3.9267520665015923,3.560830434003984
2023-11-29,189.5121772909601,190.69352857887446,187.5962153955331,187.99330139160156,43014200,63.99656678263889,3.7310456325615178,3.594873473715491
2023-11-30,188.45989087281944,188.93641225844013,186.82189215984647,188.569091796875,48794400,65.13554533653584,3.581127340492884,3.59212424707097
2023-12-01,188.94632812953898,190.16738195236098,187.85431892352926,189.84971618652344,45679300,67.59124897319744,3.52501749214332,3.5787028960854403
2023-12-04,188.59886103241988,188.66835941071503,186.08725507958516,188.0528564453125,43389500,61.089411472183336,3.2975464066201994,3.5224715981923924
2023-12-05,188.82719982806023,192.9867262414063,188.79740398889692,192.01385498046875,66628400,68.3231501052174,3.3977265343667398,3.4975225854272622
2023-12-06,193.03636454966008,193.3441084564195,190.71337975554792,190.92185974121094,41089700,64.74934285951147,3.350383976798696,3.468094863701549
2023-12-07,192.22233461466143,193.5823700079149,192.18261692775607,192.85768127441406,47477700,67.9498752207657,3.429535725206904,3.4603830360026206
2023-12-08,192.7881840281593,194.56517940505597,192.26203828251843,194.28721618652344,53377300,70.10822043798133,3.566503148142772,3.4816070584306513
2023-12-11,191.70612101402028,192.08336332058192,190.02840462687192,191.77560424804688,60943700,62.18471615780649,3.4328133887053127,3.471848324485584
2023-12-12,191.67632450221151,193.30440121762786,190.32621099568146,193.2944793701172,52696900,64.77725774436223,3.410114146590928,3.459501488906653
2023-12-13,193.67172809287342,196.5605765657659,193.433482543182,196.5208740234375,70404200,69.5524496357382,3.6108443520756737,3.489770061540457
2023-12-14,196.58041195784497,198.16877097511053,194.733933428728,196.6697540283203,66831600,69.75620428533895,3.7388388513255677,3.5395838194974796
2023-12-15,196.09397982207716,196.95765018105735,195.56783406915136,196.13369750976562,128256700,67.99190891160511,3.7537492483879475,3.5824169052755734
2023-12-18,194.6644701434888,195.2005529586929,192.97683175624098,194.46592712402344,55751900,62.68025727007144,3.589611901943016,3.583855904609062
2023-12-19,194.73394198979324,195.5181921115413,194.46590061872467,195.50827026367188,40714100,64.54455156544307,3.5032568877835217,3.567736101243954
2023-12-20,195.46856356116558,196.24289187855894,193.4136199951172,193.4136199951172,52242800,58.247482170515845,3.2285820616737624,3.499905293329916
2023-12-21,194.674384326953,195.64725561182692,192.09327993279487,193.2646942138672,46482500,57.81559832012805,2.9647079098165534,3.3928658166272436
2023-12-22,193.7610508645393,193.98938969071887,191.56712585784612,192.1925506591797,37122800,54.6727155066708,2.6386559356534462,3.2420238404324846
2023-12-26,192.20247183256527,192.48043504376977,191.42814358023,191.64654541015625,28919300,53.08992358166884,2.309575982348264,3.0555342688156406
2023-12-27,191.09062871652011,192.09328069742187,189.7007974418798,191.74581909179688,48087700,53.35433878851242,2.0333491219426207,2.8510972394410365
2023-12-28,192.72862541967714,193.24484932489418,191.76567598880632,192.17269897460938,34049900,54.54091921850553,1.827813092368359,2.6464404100265013
2023-12-29,192.49037607711168,192.98674116771573,190.33615340163328,191.13034057617188,42628800,51.12125474100638,1.5627997144234769,2.4297122709058967
2024-01-02,185.78943757371047,187.07006792285642,182.55314280656535,184.29042053222656,82488700,35.42516272000506,0.7917238197710219,2.102114580678922
2024-01-03,182.88074176951616,184.52867738484042,182.0964765011294,182.9105224609375,58414500,33.209837709296224,0.06850469639610424,1.6953926038223586
2024-01-04,180.82578520690032,181.7589539428833,179.5650288616003,180.58753967285156,71983600,29.82813542574233,-0.684209821495898,1.2194721187587074
2024-01-05,180.66696287937032,181.43135417752765,178.86018676112266,179.8628387451172,62303300,28.841440106634778,-1.3239570554300428,0.7107862839209574
2024-01-08,180.76622380895435,184.2507162227342,180.18051667398524,184.21099853515625,59144500,41.37254500035167,-1.4632339414388014,0.2759822388490057
2024-01-09,182.58292017691045,183.80397397190293,181.40156892129536,183.79405212402344,42841800,40.63360864136322,-1.5889396605224704,-0.0970021410252895
2024-01-10,183.00980597306068,185.0448906262594,182.58292413922769,184.83642578125,46792900,43.35735220262845,-1.5861671582534598,-0.39483514447092355
2024-01-11,185.18388963502795,185.6901917447606,182.28511919375845,184.2407989501953,49128400,42.166844586207844,-1.61343338193592,-0.638554791963923
2024-01-12,184.7073562390581,185.382420570264,183.84368591687618,184.56837463378906,40444700,43.09231477276233,-1.5902777091276903,-0.8288993753966765
2024-01-16,180.83571426310817,182.92043833380222,179.61464536328148,182.29502868652344,65603000,38.48909413785884,-1.7353625115910916,-1.0101920026355595
2024-01-17,179.95219077216925,181.6001112377356,178.98924135636386,181.3519287109375,47317400,36.73590181294833,-1.9044897763987478,-1.1890515573881972
2024-01-18,184.73713933247967,187.76496914507203,184.47903496158258,187.25868225097656,78005800,51.604568798820665,-1.5440992909155682,-1.2600611040936713
2024-01-19,187.9535897974558,190.55453778649462,187.4473029046773,190.16737365722656,68741000,56.967967178118094,-1.0121131369368186,-1.2104715106623007
2024-01-22,190.90200101096366,193.90997199821769,190.86228332421425,192.48043823242188,60133900,60.69809792573258,-0.39926284349704133,-1.048229777229249
2024-01-23,193.60225255736796,194.32694137960473,192.42090116695806,193.76107788085938,42355600,62.629551915040054,0.18759981241800006,-0.8010638592997993
2024-01-24,193.9993237123997,194.95235131957728,192.9271733347724,193.0860137939453,53631300,60.92973239295279,0.5914033357609583,-0.5225704202876478
2024-01-25,193.80076191791213,194.84313150183985,191.70610090276801,192.75839233398438,54822100,60.07752061964767,0.8748989331893142,-0.2430765495922554
2024-01-26,192.85769025735726,193.34411833566054,190.54462719280716,191.02113342285156,44594000,55.63392196969618,0.9484557538398235,-0.004770088905839603
2024-01-29,190.614099077556,190.80272021826386,188.20177223046258,190.3361358642578,47145600,53.93981270296522,0.9406334490617496,0.18431061868767823
2024-01-30,189.55190020112778,190.40564874926815,186.10712531543376,186.6729736328125,55859400,45.89180011707883,0.6315673234472854,0.2737619596395997
2024-01-31,185.6802399646441,185.7398164976455,183.00980859435379,183.05943298339844,55467800,39.61297798450376,0.09396449717559108,0.237802467146798
2024-02-01,182.6524257138898,185.59089847447947,182.48366340616798,185.50155639648438,64885400,45.08162751512339,-0.13349185509508743,0.16354360269842094
2024-02-02,178.55242764739413,185.96812234304272,177.94686171013706,184.49888610839844,102518000,43.34598385813718,-0.39016221840122967,0.052802438478490824
2024-02-05,186.7821513481828,187.8741604535555,184.48894737475842,186.31556701660156,69668800,47.304561705633745,-0.4418905249707734,-0.046136154211362024
2024-02-06,185.50154897397763,187.9337347140823,185.4122068995574,187.92381286621094,43490800,50.59559752829727,-0.3490894948216692,-0.10672682233342345
2024-02-07,189.2540738540102,189.66109684812312,187.23883287556598,188.03302001953125,53439000,50.820207797591145,-0.2636922254106935,-0.13811990294887747
2024-02-08,188.0131563419714,188.16205980044833,185.98799356738817,186.95094299316406,40962000,48.468851408381916,-0.28010002811333834,-0.16651592798176965
2024-02-09,187.5174970927484,188.8494643803939,186.8714052160575,187.71630859375,45155200,50.223155320084366,-0.2287083153337619,-0.17895440545216812
2024-02-12,187.288900125969,187.53739935899367,185.66868027314752,186.02651977539062,41781900,46.46232192102356,-0.32063575874781236,-0.20729067611129698
2024-02-13,184.6547973151463,185.09215835173688,182.4083547485107,183.92916870117188,56529500,42.23490566107928,-0.5563147729415618,-0.27709549547734996
2024-02-14,184.20751487981576,184.41624573755993,181.34479892181088,183.04452514648438,54630500,40.55865294436119,-0.805193659957979,-0.38271512837347577
2024-02-15,182.44813474883824,183.3824942652778,180.26134459364147,182.7562713623047,65434500,40.00154909477334,-1.0140028486950712,-0.5089726724377949
2024-02-16,182.31891336045317,183.7403368438813,180.57941874936438,181.215576171875,49701400,37.070597689698126,-1.2889486630538727,-0.6649678705610105
2024-02-20,180.69867728023533,181.33483464555084,178.91942962585208,180.47006225585938,53665600,35.707233984141226,-1.5491443722985991,-0.8418031709085283
2024-02-21,180.84778599399235,181.7920799507102,179.57547126273693,181.2255096435547,41529700,38.18801254761466,-1.6750837332605215,-1.008459283378927
2024-02-22,182.37854224114136,183.84966853541172,181.36467634977905,183.26319885253906,52292200,44.41788768860073,-1.5921141933172862,-1.1251902653665988
2024-02-23,183.89935895257477,183.92917764586625,181.13604881484736,181.42431640625,45119700,40.45526775661019,-1.6556572937116982,-1.2312836710356188
2024-02-26,181.1459977034405,181.66286516303873,179.56553112991756,180.07247924804688,40867400,37.78646843647615,-1.7944127463136965,-1.3439094860912344
2024-02-27,180.01283169575817,182.81589486499632,178.48206808634893,181.5336456298828,54318900,42.22311598689397,-1.7661148539743579,-1.4283505596678592
2024-02-28,181.4143549983027,182.02069366799873,179.04865286943277,180.33090209960938,48953900,39.712635633113116,-1.8197628284428617,-1.5066330134228596
2024-02-29,180.1818301671186,181.47402922690614,178.45227002550848,179.66494750976562,136682600,38.35288020515071,-1.8941812620060716,-1.5841426631395021
2024-03-01,178.47214167082092,179.44625436004063,176.31517027538303,178.58148193359375,73488000,36.1822641343888,-2.017330493671807,-1.6707802292459633
2024-03-04,175.0925585764457,175.8380562970389,172.74672514229152,174.0488739013672,81510100,28.830994081741494,-2.4524009826625104,-1.8271043799292728
2024-03-05,169.73489700267342,171.00721175997333,168.60174119797853,169.09873962402344,95132400,23.270371148198734,-3.1602030918004402,-2.0937241223035064
2024-03-06,170.03310800783655,170.2120353375331,167.6673905223103,168.10475158691406,68587700,22.33868364859761,-3.7580276863440076,-2.4265848351116066
2024-03-07,168.13456709874717,169.70508399774383,167.47854068144582,167.9854736328125,71765100,22.223697116771348,-4.193097303064661,-2.779887328702218
2024-03-08,167.9854678195768,172.6572499858552,167.92583043526673,169.705078125,76114600,27.979410289576464,-4.349002800513858,-3.0937104230645462
2024-03-11,171.9017982082401,173.3331559369753,171.01714171856162,171.7129364013672,60139500,34.110752594697786,-4.261418666206737,-3.3272520716929845
2024-03-12,172.1105571632911,172.98527928876703,169.9834044040384,172.19007873535156,59825400,35.51567591276357,-4.106172805947892,-3.4830362185439663
2024-03-13,171.7328613388464,172.15033824760602,169.73491771533728,170.1027069091797,52488700,32.27360775851156,-4.10426143369105,-3.6072812615733834
2024-03-14,171.87198497095238,173.26357438070215,171.01714714290978,171.96144104003906,72913500,37.72512119317804,-3.9077166223820257,-3.667368333735112
2024-03-15,170.14244776104985,171.583740234375,169.26772563447943,171.583740234375,121664700,37.07210830727213,-3.7393261179919364,-3.6817598905864775
2024-03-18,174.51603957790343,176.64319229534289,172.4783429395777,172.67713928222656,75604200,40.29409580527173,-3.4775601165130468,-3.640919935771792
2024-03-19,173.29340452493878,175.54978158656556,171.99127109820583,175.02296447753906,55215200,46.61008706695355,-3.0457111240871484,-3.5218781734348634
2024-03-20,174.66512448913912,177.597412109375,174.0389016316341,177.597412109375,53423100,52.54335999268287,-2.467289895868163,-3.3109605179215236
2024-03-21,175.98714219427453,176.42450322724187,169.81441519205438,170.3412322998047,106181300,39.290004449858905,-2.564834161749218,-3.161735246687063
2024-03-22,170.7289059277682,172.0111704512642,169.0391141931604,171.24578857421875,71106600,41.2784679481712,-2.5398705172669054,-3.0373623008030313
2024-03-25,169.54605342761408,170.90782428626645,168.43276661931924,169.82437133789062,54288300,39.1106484929955,-2.6047571221543535,-2.950841265073296
2024-03-26,168.97946029150032,170.39093396328443,168.56198344496033,168.6912078857422,57388400,37.42332789195132,-2.7163051692072884,-2.9039340459000944
2024-03-27,169.3870074763491,172.55785986634996,169.08880538680637,172.26959228515625,60273300,45.429736637234406,-2.487290152338744,-2.8206052671878243
2024-03-28,170.7189448975998,171.19605909940955,169.4863834451387,170.4505615234375,65672700,42.4560025528739,-2.4246251126803884,-2.741409236286337
2024-04-01,170.16233265286536,170.22197004043582,168.46259127116116,169.00929260253906,46240500,40.21012048504809,-2.462870535553293,-2.6857014961397283
2024-04-02,168.0649959882119,168.3234297194346,167.22009256480143,167.82643127441406,49329500,38.41409716083645,-2.5591273057394233,-2.6603866580596676
2024-04-03,167.7767233727702,169.6553768320082,167.56799252573734,168.63156127929688,47691700,40.366562375280616,-2.5411514152594066,-2.636539609499615
2024-04-04,169.26771043200742,170.8879300889726,167.80654907226562,167.80654907226562,53704400,39.00207733749682,-2.5639216894868753,-2.622016025497067
2024-04-05,168.5719309687928,169.36713152382467,167.9357735582051,168.56199645996094,42055200,40.96973822607612,-2.492279557860485,-2.5960687319697504
2024-04-08,168.01528647300387,168.18426411757292,167.23003563445502,167.4387664794922,37425500,38.957517451111066,-2.497350028015518,-2.576324991178904
2024-04-09,167.6872804964856,169.05900112515698,167.33939066831408,168.65145874023438,42451200,42.25507844770019,-2.3761238054507885,-2.536284754033281
2024-04-10,167.78669305483746,168.0749455051257,166.10683573391543,166.77281188964844,49709300,38.761721726553525,-2.4039312282123433,-2.5098140488690937
2024-04-11,167.32942111379162,174.40668878905643,167.15050896636146,173.98919677734375,91070300,54.36782336586388,-1.8226564119477189,-2.372382521484819
2024-04-12,173.2139117167825,177.28930548264634,173.16422400054728,175.49017333984375,101593300,56.83200245740308,-1.2267346345387011,-2.1432529440955954
2024-04-15,174.30730560539226,175.56968597759519,171.4644737242048,171.65333557128906,73531800,49.47691406039829,-1.051936999763484,-1.9249897552291733
2024-04-16,170.71895735574867,172.71688554496447,167.2598525976239,168.36318969726562,73711200,44.19496582222997,-1.1654611789954572,-1.7730840399824301
2024-04-17,168.59180586766368,169.62555591523414,166.99147033691406,166.99147033691406,50901200,42.17350188046691,-1.3505479216240701,-1.6885768163107582
2024-04-18,167.02129381245496,167.62763251332663,165.55018268321453,166.0372314453125,43122900,40.776242829494855,-1.5562896637927963,-1.662119385807166
2024-04-19,165.21221853676252,165.40106519259456,163.0950004513954,164.0094757080078,67772100,37.90249734074956,-1.8615061341226067,-1.701996735470254
2024-04-22,164.52636553527142,166.2559103754066,163.78086788564391,164.8444366455078,48116400,39.784350251544645,-2.0128155317129313,-1.7641604947187897
2024-04-23,164.35737315952596,166.04716464714997,163.9299466584378,165.89805603027344,49537800,42.166100893641755,-2.0243753021888438,-1.8162034562128007
2024-04-24,165.540232667877,168.2836737462142,165.21222704669103,168.00535583496094,48251800,46.70644591159351,-1.8422586102824994,-1.8214144870267406
2024-04-25,168.51227772975648,169.58579610298705,167.14055728054169,168.8701171875,50558300,48.49344175373926,-1.6095963806914142,-1.7790508657596753
2024-04-26,168.86018085141623,170.31140768247312,168.16437095925713,168.28366088867188,44838400,47.334267867626835,-1.4557510180329416,-1.7143908962143286
2024-04-29,172.3292258757486,174.97326108846298,172.06085765153782,172.4584503173828,68169400,55.49069556676084,-0.9855955114599624,-1.5686318192634554
2024-04-30,172.28947031289857,173.9395086711804,168.9794590883409,169.30747985839844,65934800,49.28638828630541,-0.857367666725338,-1.426378988755832
2024-05-01,168.56197877866052,171.67319360904702,168.0947990703537,168.28366088867188,50383100,47.430736341611016,-0.8288058524330779,-1.3068643614912812
2024-05-02,171.4743893691613,172.37893013348045,169.8641193422282,171.99127197265625,94214900,54.16138197659423,-0.5012194345081298,-1.145735376094651
2024-05-03,185.52950301417593,185.87740797297917,181.56346535319665,182.27914428710938,163224100,66.84598834708086,0.5818334642727336,-0.800221608021174
2024-05-06,181.2553285088154,183.09421354898845,179.33690673477625,180.61917114257812,78569700,63.779193788394416,1.2913290917963138,-0.3819114680576765
2024-05-07,182.34872294128857,183.79001537072006,180.23151991986552,181.30502319335938,77305800,64.50380524562408,1.8871975779036347,0.07191034113458572
2024-05-08,181.75233037266264,181.97101089337855,180.36072568018065,181.6429901123047,45057100,64.87668688011698,2.359499905819206,0.5294282540715097
2024-05-09,181.46406224266897,183.55146169147778,181.01676669426374,183.46200561523438,48983000,66.89255340701668,2.8477551042110747,0.9930936240994228
2024-05-10,184.039301056681,184.22841905381327,181.28220609270682,182.1979217529297,50759500,64.13766742341079,3.0969995799842422,1.4138748152763867
2024-05-13,184.57678612826817,186.22906253508128,183.76059590764,185.41287231445312,72044800,67.77288477329623,3.5134464410678277,1.833789140434675
2024-05-14,186.63715506565202,187.42348620330452,185.42283282321628,186.55752563476562,52393600,68.97858090249149,3.8909945721289887,2.245230226773538
2024-05-15,187.03531124896162,189.76254724660947,186.4978163614719,188.83688354492188,70400000,71.28259367999745,4.324281692464268,2.661040519911684
2024-05-16,189.58338637309936,190.21045865928463,188.7771592552961,188.95631408691406,52845200,71.40244413890463,4.6239993178150485,3.053632279492357
2024-05-17,188.62785068172937,189.9218023921439,188.29938496531759,188.98617553710938,41282900,71.43454493555545,4.8085077802243745,3.404607379638761
2024-05-20,188.44869465688268,191.02663488992152,188.1301769262196,190.15072631835938,44361300,72.720584058702,4.991166520727688,3.7219192078565464
2024-05-21,190.20049107683238,191.83285642957057,190.03128423275254,191.4546356201172,42309400,74.12521864566014,5.181411386837993,4.013817643652836
2024-05-22,191.37500087150013,191.92244369758092,189.38431073139583,190.01136779785156,34648500,69.83866327873194,5.156283733303951,4.24231086158306
2024-05-23,190.09099161364105,190.11090276702717,185.76124979940406,186.0100860595703,51005900,59.5560152779016,4.758645191061902,4.345577727478829
2024-05-24,187.94106857836448,189.6928704821682,187.16468542966413,189.0956573486328,36294600,63.96243286039195,4.639017886825258,4.404265759348115
2024-05-28,190.61851957640835,192.1015891258543,188.219749617586,189.10560607910156,52280100,63.97606109731023,4.493220121129383,4.422056631704368
2024-05-29,188.7273931739324,191.35510374397245,188.6278525845266,189.4042205810547,53068000,64.4110986082926,4.351607414587505,4.407966788280996
2024-05-30,189.8720349370489,191.2854232244703,189.7426503955058,190.39956665039062,49947900,65.88975818508007,4.270467146735768,4.380466859971951
2024-05-31,190.5488754083416,191.67362027294615,189.02599856414395,191.3551025390625,75158300,67.2946100462115,4.2344545046749715,4.351264388912555
2024-06-03,192.0020557606219,194.0823384761381,191.62383496596826,193.12680053710938,50080500,69.77985738296819,4.299315613962392,4.340874633922523
2024-06-04,193.73397115741048,194.41081372828987,192.13146492648488,193.44532775878906,47471400,70.21803001611084,4.326547251584117,4.338009157454842
2024-06-05,194.49042328995185,195.9834409155792,193.96289161058436,194.95823669433594,54156800,72.27430899795681,4.419265090715044,4.354260344106883
2024-06-06,194.77908126144504,195.58530834672572,193.2661524862918,193.57470703125,41181800,67.67277166970753,4.331178238383785,4.349643922962263
2024-06-07,193.74393208436854,196.02328103845028,193.2363115131171,195.9735107421875,53103900,71.10751874173056,4.404163727163308,4.3605478838024725
2024-06-10,195.98344204153506,196.3815891899795,191.25555286655262,192.22103881835938,97262100,60.31212800383819,4.111813700492462,4.310801047140471
2024-06-11,192.74855695795014,206.19567789204126,192.7286609927464,206.1857147216797,172373300,75.32530764260304,4.949897498659169,4.438620337444211
2024-06-12,206.40472171133436,219.1750019825869,205.9369082694312,212.0782012939453,198134300,78.94465065016303,6.020162679641061,4.754928805883581
2024-06-13,213.74040935969603,215.74104751612717,210.61502639534655,213.24273681640625,97862700,79.58207467806315,6.88298110892984,5.180539266492833
2024-06-14,212.8545395919822,214.16838712685717,210.31640674162668,211.50086975097656,70122700,75.88166522157212,7.3415875641625234,5.612748926026772
2024-06-17,212.37678083551464,217.9308083607288,211.72981259041407,215.6614227294922,93728300,78.45820655909928,7.949125764535097,6.080024293728437
2024-06-18,216.5771221156608,217.61228945527094,212.008492058615,213.29248046875,79943300,73.6347255769242,8.145553453263119,6.493130125635374
2024-06-20,212.93416556238657,213.24273529474334,207.87782592387282,208.70394897460938,86172500,65.26508126909168,7.840586270218125,6.762621354551925
2024-06-21,209.41064929966387,210.90366690915465,206.14591867526494,206.52415466308594,246421400,61.67846926734928,7.3384137313551605,6.877779829912573
2024-06-24,206.75306897426384,211.70988292620214,205.62832424046638,207.17111206054688,80727000,62.339968050949,6.9129541986377205,6.884814703657603
2024-06-25,208.17643126307132,210.39606187439708,207.63895156671146,208.09681701660156,56713900,63.31573830263981,6.574682262676674,6.822788215461418
2024-06-26,210.51548557795786,213.8598456726642,209.65948819693895,212.25733947753906,66213200,67.403602503905,6.566622768278592,6.771555126024853
2024-06-27,213.69064352295018,214.73575892320002,211.36153961685812,213.1033935546875,49772700,68.1801180875787,6.552966535023785,6.727837407824639
2024-06-28,214.76560832661605,215.0642148828325,209.3210696212814,209.6395721435547,82542700,61.69966420618497,6.191273287739193,6.62052458380755
2024-07-01,211.1027165067048,216.49748456121918,210.9335096799559,215.74102783203125,60402900,67.55050487868314,6.324065376409067,6.561232742327855
2024-07-02,215.1438274713018,219.35414798734178,214.09872731420612,219.24465942382812,58046200,70.35135692170226,6.635527619853178,6.57609171783292
2024-07-03,218.97593450353426,220.5187225341797,218.0104484863841,220.5187225341797,37369800,71.32076573955005,6.9055668607579435,6.641986746417925
2024-07-05,220.61823649717394,225.39589603978789,220.61823649717394,225.28640747070312,60412400,74.65974971173313,7.418768291038361,6.797343055342012
2024-07-08,226.03290864697604,226.78938062149984,222.21078721739227,226.759521484375,59085900,75.60482041116741,7.853818184331175,7.008638081139845
2024-07-09,226.86898500321237,228.33214340978847,225.3162491891544,227.61549377441406,48076100,76.16116823724336,8.173449728602634,7.241600410632404
2024-07-10,228.23264496613547,231.9950484021832,228.18287467129386,231.8955078125,62627700,78.76848358314737,8.672154198194221,7.5277111681447675
2024-07-11,230.31290687462652,231.30825199534104,224.7190721562944,226.5106964111328,64710600,68.60231412016304,8.534491500492322,7.729067234614279
2024-07-12,227.8544036714271,231.55708874298097,227.6155153743793,229.46685791015625,53046500,70.82823588516658,8.56519609907545,7.896293007506514
2024-07-15,235.37920328245679,236.12571210202407,232.00498402552307,233.3088836669922,62631300,73.4615607105273,8.798129721313217,8.076660350267854
2024-07-16,233.90609879782943,235.17019132901206,231.2485291999769,233.72694396972656,43234300,73.73934687130861,8.913713526745369,8.244070985563358
2024-07-17,228.38192926123955,230.38258262455565,225.58501197125685,227.81459045410156,57345900,63.60023140079845,8.431049122042708,8.281466612859228
2024-07-18,229.20805491946456,229.3673137711516,221.2353466054131,223.13644409179688,66034600,56.930011541389334,7.583627452738085,8.141898780835
2024-07-19,223.77348959602472,225.74426861436035,222.24064965794977,223.26585388183594,49151500,57.06415807271802,6.843593279665043,7.882237680601008
2024-07-22,225.9532706718539,226.71969060050867,222.051519961604,222.91748046875,48201800,56.55350404093894,6.1580142874138915,7.5373930019635855
2024-07-23,223.32558043665784,225.88362469345716,221.6434447483752,223.9626007080078,39960300,57.77430837085114,5.63407436342672,7.156729274256213
2024-07-24,222.9572958470105,223.75357494115906,216.1192800710717,217.522705078125,61777600,48.69464471366887,4.645650277424153,6.654513474889801
2024-07-25,217.91089956980477,219.8219755631398,213.62096453779796,216.4776153564453,51391200,47.39295280574297,3.7349330780867263,6.0705973955291865
2024-07-26,217.6819649471348,218.46829606182757,215.0044842643322,216.94541931152344,41601300,48.062228892203926,3.0161625613119156,5.4597104286857325
2024-07-29,215.95008057489312,218.27918447457574,214.74570631572197,217.22412109375,36311800,48.482737316971985,2.4408836654259574,4.855945076033778
2024-07-30,218.16969337819762,219.30438617677734,215.11397665237357,217.78150939941406,41643800,49.365693294782574,2.006814268070542,4.286118914441131
2024-07-31,220.40921389598267,222.77814001369308,219.60298682237814,221.04623413085938,50036300,54.305640074091734,1.9042956103367885,3.8097542536202624
2024-08-01,223.3255700813178,223.43505864730554,216.0097928775357,217.3435516357422,62501000,48.52355353471838,1.5069026667999879,3.3491839362562077
2024-08-02,218.1298614428512,224.54984915998065,216.69657732981517,218.83656311035156,105568600,50.79839069785307,1.297482869504421,2.9388437229058506
2024-08-05,198.16323265092018,212.5061577637865,195.08762024216466,208.2958526611328,119548600,38.02288185129398,0.27776700536639964,2.4066283793979606
2024-08-06,204.34434168651262,209.01251239840335,200.13403637997632,206.26535034179688,69660500,36.13747802801911,-0.6862985091658231,1.7880430016852038
2024-08-07,205.93688655864335,212.64551772150753,205.42926604632788,208.8433074951172,63516400,40.19231356908522,-1.2281504241707637,1.1848043165140103
2024-08-08,212.1179811495676,213.20290359333654,207.85790561211314,212.31704711914062,47161100,45.23791993840807,-1.36157482718221,0.6755284877747663
2024-08-09,211.11270086651854,215.77090862412464,210.98330114399806,215.23342895507812,42201600,49.11892697783428,-1.217947249157021,0.2968333403884088
2024-08-12,215.31314332730477,218.7410807003227,214.84478845727688,216.7680206298828,38028100,51.08343403068855,-0.9691212097038147,0.0436424303699641
2024-08-13,218.2428558389481,221.11277276612057,218.2428558389481,220.4949493408203,44155300,55.570023620768545,-0.46582306271039897,-0.05825066824610853
2024-08-14,219.7973785028084,222.24875291914373,218.9304156630747,220.94334411621094,41960600,56.091818693054954,-0.030423243949769585,-0.052685183386840743
2024-08-15,223.81327127421198,224.56064415441705,221.97970491871703,223.93284606933594,46414000,59.506369563292075,0.54952746209716,0.0677573457099594
2024-08-16,223.1356500786779,226.03546056539557,222.86659157853387,225.25819396972656,44340200,60.95600283172628,1.103368133109825,0.27487950318993254
2024-08-19,224.92935218120843,225.19841068626937,222.25873174304007,225.0987548828125,40687800,60.67460033642746,1.5119961033732068,0.5223028232265874
2024-08-20,224.9791698204466,226.3742597731608,224.66028342820331,225.71656799316406,30299000,61.41786708003006,1.8641997344238632,0.7906822054660426
2024-08-21,225.7265541171402,227.18143154067607,224.26170199000447,225.60696411132812,34765500,61.19688636134766,2.1101549791812317,1.0545767602090805
2024-08-22,226.9920749311584,227.54015139464096,223.11570169720306,223.74349975585938,43695300,57.4145393251482,2.1301551798604805,1.2696924441393604
2024-08-23,224.86956599566977,227.42059644239848,223.5442228703079,226.04542541503906,38677300,60.64996933777628,2.3051789773658697,1.4767897507846626
2024-08-26,225.96568932825608,226.48387210620078,223.10574735994538,226.38421630859375,30602200,61.11818113336178,2.443062092534092,1.6700442191345484
2024-08-27,225.20835892301574,228.04838192077386,224.1022464634546,227.2312469482422,35934600,62.32516296638417,2.5908184065263526,1.8541990566129094
2024-08-28,227.12163896438045,229.05484595642545,224.88947977262964,225.6966552734375,38052200,58.76591640285766,2.5546393348090533,1.9942871122521384
2024-08-29,229.29401907737392,232.10413336375854,228.07829123837303,228.98509216308594,51906300,63.56730939584203,2.7595066591642308,2.147331021634557
2024-08-30,229.38367949051207,229.5929353752877,226.68316554604098,228.19784545898438,52990800,61.71461016893439,2.825767570406896,2.283018331389025
2024-09-03,227.74943764667495,228.1978583447122,220.39528345963856,221.98968505859375,50190600,49.46989152619994,2.350241043623896,2.296462873835999
2024-09-04,220.88357632692316,221.00315112701452,216.71821006143196,220.076416015625,43840200,46.41353993642619,1.7982687010513985,2.196824039279079
2024-09-05,220.85368603716802,224.69019125096705,220.7440707336114,221.60105895996094,36615400,49.111637309152556,1.4669425854666827,2.0508477485166
2024-09-06,223.16553454066073,224.4510243839852,219.00018373655976,220.0465087890625,48423000,46.5386501936105,1.0666296028091153,1.854004119375103
2024-09-09,220.04653410508755,220.49495483479603,215.950929723779,220.13621520996094,67180000,46.71214437433791,0.7479948197409385,1.63280225944827
2024-09-10,218.15315521125123,220.70418549359823,215.97082401031443,219.3389892578125,51591000,45.30501555394581,0.42623165369289495,1.391488138297195
2024-09-11,220.6842723421212,222.3085524071335,217.126770108234,221.88006591796875,44587100,50.430550214564335,0.3719876343379269,1.1875880375053416
2024-09-12,221.7206265576352,222.76695165661573,219.0500213655269,221.98968505859375,37498200,50.6454185670339,0.33399413028527647,1.0168692560613286
2024-09-13,222.79683029802118,223.2552104631355,221.1326819144566,221.72061157226562,36766600,50.07167259382266,0.2789563873997736,0.8692866823290176
2024-09-16,215.78148650258865,216.45911247240775,213.17066883128115,215.56227111816406,59357400,39.14214129517904,-0.2586069674661928,0.6437079523699756
2024-09-17,214.99427397716522,216.14023969143096,213.74865245933694,216.03062438964844,45519300,40.211012035204725,-0.6394662356049707,0.3870731147749863
2024-09-18,216.78794613986932,221.92987480128497,216.77797143749862,219.9169464111328,59894900,48.32184455310569,-0.6205528942778358,0.1855479129644219
2024-09-19,224.20191472936153,229.01499812075548,223.84317512238368,228.0683135986328,66781300,60.442998175591136,0.05158859202435906,0.15875604877640934
2024-09-20,229.16446964119802,232.27353613908102,226.82269506404828,227.40066528320312,318679900,59.21784183694025,0.5243475707507912,0.2318743531712857
2024-09-23,226.54365969576136,228.64626930220686,225.01902026418153,225.6767120361328,54146000,56.05813653300613,0.7512439751633337,0.33574827756969533
2024-09-24,227.8490778167103,228.5466380182851,224.93930782860403,226.5735626220703,43556100,57.33357512337924,0.9919942649611642,0.46699747504798916
2024-09-25,224.1420985437932,226.49383244586693,223.2352976856936,225.57705688476562,42308700,55.409124547944145,1.0898181737646553,0.5915616147913224
2024-09-26,226.50382237250227,227.6996160019036,224.62044322472642,226.72305297851562,36636700,57.18880923217672,1.2454597488384707,0.7223412416007521
2024-09-27,227.6597471643239,228.71603171782343,226.50380681299467,226.99208068847656,34026000,57.616463505894174,1.3746687802596966,0.8528067493325411
2024-09-30,229.234199611622,232.183837890625,228.84556632808733,232.183837890625,54541900,64.90281108922018,1.8743924559860545,1.0571238906632439
2024-10-01,228.71603627902877,228.84557057238277,222.9562838134916,225.41763305664062,63285000,52.286843412960266,1.7047990247872917,1.1866589174880535
2024-10-02,225.09874435066007,226.57355589970402,222.2388023482828,225.98562622070312,32880600,53.11081529690326,1.5978087652857198,1.268888887047587
2024-10-03,224.35137431302277,226.01552277761738,222.53775735368686,224.8795166015625,34044200,51.2545237402004,1.4075391762258391,1.2966189448832375
2024-10-04,227.1017072618697,227.20136306464835,223.3449237414969,226.0055694580078,37245100,53.053445343834554,1.3322548066648778,1.3037461172395655
2024-10-07,223.71363756752507,224.89947175407843,220.5547430398763,220.91348266601562,39505400,44.97116734300698,0.8518825815032756,1.2133734100923077
2024-10-08,223.51431968732726,225.1884276449642,222.46799461113406,224.9791717529297,31855700,51.34461151996048,0.790142986597715,1.1287273253933892
2024-10-09,224.4410763624789,228.9452482903661,224.04248353573135,228.73597717285156,33591100,56.37278857476265,1.0324552122740442,1.1094729027695203
2024-10-10,226.98212047614993,228.6960967971132,226.3742566041183,228.23770141601562,28183500,55.55277486506689,1.1707866083438319,1.1217356438843826
2024-10-11,228.4968150773993,228.60643037956845,226.54367384020586,226.75294494628906,31759200,53.07527303401729,1.1473814981827672,1.1268648147440596
2024-10-14,227.89890830734765,230.91829362955485,227.79926770980506,230.48980712890625,39882100,58.135714948640945,1.4140658566621482,1.1843050231276773
2024-10-15,232.79170373632726,236.65811760908664,231.5560417756155,233.03086853027344,64751400,61.19988238913865,1.8095976355609196,1.3093635456143258
2024-10-16,230.7887621886474,231.30692979509985,229.0349173503749,230.96812438964844,34082200,57.51945333293837,1.9343156205108016,1.4343539605936209
2024-10-17,232.6123377292532,233.0308799404877,229.71254238803704,231.33682250976562,32993800,58.00558027622805,2.039397474477937,1.5553626633704842
2024-10-18,235.35270879965356,235.35270879965356,233.1903116322836,234.17684936523438,46431500,61.64642114382449,2.3250404143530545,1.7092982135669983
2024-10-21,233.62876897482323,236.02037141360947,233.62876897482323,235.6516571044922,36254500,63.420003722881795,2.6399870340324583,1.8954359776600904
2024-10-22,233.07072804715946,235.3925683333293,231.7852533575211,235.03382873535156,38846600,62.123953805265415,2.807369307365093,2.077822643601091
2024-10-23,233.26006870913344,234.31635331873264,226.96219904424217,229.95169067382812,52287000,52.60135117806603,2.5011037296282552,2.162478860806524
2024-10-24,229.17441473320775,230.0114839114603,227.60992208421712,229.76235961914062,31109500,52.279843807361594,2.2175461275558632,2.173492314156392
2024-10-25,228.935262581316,232.40306843409212,228.76585988907573,230.5994110107422,38802300,53.62928142179216,2.036887762555068,2.1461714038361275
2024-10-28,232.50273684103132,233.9077863541258,231.73542973016842,232.5824432373047,36087100,56.74963001718125,2.030324517308088,2.1230020265305196
2024-10-29,232.28350596136286,233.50919327337175,231.50623935322642,232.85150146484375,35417200,57.17074529154754,2.023508106649814,2.1031032425543783
2024-10-30,231.79520878623467,232.65219696606212,228.74592985962587,229.29400634765625,47070900,50.20960071138832,1.7113189082484723,2.024746375693197
2024-10-31,228.53666090957242,229.02495000446748,224.5805658660821,225.11868286132812,64370100,43.512974325177325,1.114149783432083,1.8426270572409744
2024-11-01,220.1959891516409,224.56065178607977,219.49844414747824,222.1291961669922,65276700,39.45539619950534,0.39510780081198504,1.5531232059551765
2024-11-04,220.21591416091667,222.0095968952219,218.94039900502227,221.23233032226562,44944500,38.301467234321436,-0.2442916865843472,1.193640227447272
2024-11-05,221.02308305755813,223.1655459656629,220.36539125313263,222.66729736328125,28111300,41.261487825625004,-0.6279914448157342,0.8293138929946707
2024-11-06,221.83023455712816,225.27812143912794,220.41521040716108,221.93984985351562,54561100,40.208360977012255,-0.9794843166328349,0.4675542510691697
2024-11-07,223.8431738287627,227.081789771112,223.7833864288354,226.6831817626953,42137700,49.29588451611261,-0.8653228038867837,0.200978840077979
2024-11-08,226.6233197345054,228.10973956989392,225.8651541338214,226.41383361816406,38328800,48.84192925157753,-0.7875052563829854,0.003282020785786127
2024-11-11,224.4585504714927,225.15686291743452,220.96697301971395,223.69039916992188,42005600,44.39068093814581,-0.9348167035673498,-0.1843377240848411
2024-11-12,224.00963641496367,225.04712701721013,222.82249764582772,223.69039916992188,40398300,44.39068093814581,-1.0395784732580182,-0.3553858739194765
2024-11-13,223.47093284409854,226.10457929193407,222.2239408664857,224.57826232910156,48566200,46.24302769154259,-1.0389830439556533,-0.4921053079267119
2024-11-14,224.47851048945301,228.3192366196321,224.45855435577516,227.67080688476562,44923900,52.21381601908678,-0.7799775659141517,-0.5496797595241999
2024-11-15,225.8551667084814,226.3739196007606,223.73030286311794,224.4585418701172,47923700,46.44347278545929,-0.8244134738488356,-0.6046265023891271
2024-11-18,224.70794459457642,229.18714506333228,224.62813528483125,227.47128295898438,44686000,51.821295222847034,-0.6095002838156915,-0.6056012586744399
2024-11-19,226.43377721041003,229.60613257977118,226.11455519341968,227.73065185546875,36211800,52.265686472722784,-0.4134847353942348,-0.567177954018399
2024-11-20,227.51117324017346,229.37666823104936,225.34639715216647,228.44891357421875,35169600,53.543611378320605,-0.19790199213929327,-0.4933227616425779
2024-11-21,228.3292117939797,229.60613029336434,225.16684213362325,227.97007751464844,42108300,52.53388663976467,-0.06494058844788242,-0.4076463270036388
2024-11-22,227.51117639639193,230.16477882059493,227.51117639639193,229.3168182373047,38168300,55.09859001474246,0.1474038235273838,-0.29663629689743426
2024-11-25,230.9030055193102,232.68869124314412,229.1871434272115,232.30960083007812,90152800,60.2399315499051,0.5508312041448846,-0.1271427966889705
2024-11-26,232.76849125195545,235.00310615337486,232.76849125195545,234.49432373046875,45986200,63.523426732874775,1.034909398059881,0.10526764226079979
2024-11-27,233.90577001446655,235.12283541072824,233.24735459247512,234.36465454101562,33498400,63.18987601336308,1.3920351200818004,0.36262113782499994
2024-11-29,234.24494059041535,237.2377212602243,233.40696565616557,236.75888061523438,28481400,66.66986652823113,1.8469632202351818,0.6594895543070363
2024-12-02,236.69901868412032,240.21053691361496,236.58928278806928,239.013427734375,48137100,69.58572899023801,2.3621902686601572,1.0000296971776605
2024-12-03,239.232908507596,242.1758064568113,238.32509471728144,242.06607055664062,38861000,73.02659045720357,2.9824543036050954,1.3965146184631476
2024-12-04,242.28553892887177,243.5225604021956,240.66944226019712,242.42520141601562,44383900,73.40774955003988,3.463076686676146,1.8098270321057475
2024-12-05,243.40284992887905,243.95151419061432,241.54732536132988,242.4551239013672,40033900,73.44142433569127,3.8025544023105624,2.2083725061467105
2024-12-06,242.32543882662802,244.04130085085734,241.49743440151175,242.25559997558594,36870600,72.77960199160898,4.00927657971323,2.5685533208600146
2024-12-09,241.24804586880077,246.64503053466012,241.16823655952678,246.1562042236328,44649200,77.12040652140709,4.436707951257972,2.9421842469396062
2024-12-10,246.2958646584201,247.612695417372,244.7495916510093,247.1737518310547,36914800,78.10147247300462,4.8022011944989345,3.314187636451472
2024-12-11,247.36328368802742,250.196445491468,245.6673626102133,245.89682006835938,45205800,73.82346106858019,4.9319668576265485,3.6377434806864875
2024-12-12,246.2958641332418,248.1414182384854,245.08876927344312,247.36329650878906,32777500,75.48426984916117,5.0944142372893,3.92907763200705
2024-12-13,247.223631137632,248.69007959411312,245.647431564018,247.5328826904297,33155300,75.67646136885884,5.177160065050117,4.178694118615663
2024-12-16,247.3932192907539,250.7750606707362,247.05402592958802,250.4358673095703,51694800,78.74782803349129,5.414567562799277,4.425868807452386
2024-12-17,249.47818331943677,253.21915892963332,249.1789022262073,252.8699951171875,51356400,80.92302121071027,5.733041552095841,4.6873033563810775
2024-12-18,251.55318925842403,253.66808268004456,247.14382766353577,247.4530792236328,56774100,64.98303621913045,5.485105756735834,4.846863836452029
2024-12-19,246.90440599607692,251.3935770141874,246.49538898335234,249.1888885498047,60882300,67.21181903815402,5.3668148575389125,4.950854040669406
2024-12-20,247.44310326755718,254.3863612366688,245.09876750312787,253.87759399414062,147495300,72.33416256802008,5.587004304069069,5.0780840933493385
2024-12-23,254.15691915529422,255.03479114956258,252.8400883307868,254.6557159423828,40858800,73.08563813308587,5.7579202446112845,5.214051323601728
2024-12-24,254.87518901917565,257.58862955018265,254.67565812568793,257.57867431640625,23234700,75.75027210922205,6.059381888894222,5.3831174366602275
2024-12-26,257.56867823862046,259.47408555117545,257.0100282923795,258.39666748046875,27237100,76.45286425171251,6.291770017714697,5.564847952871121
2024-12-27,257.20952960207876,258.0774615569102,252.4510193654514,254.9749298095703,42355300,67.62626262836079,6.129180275747785,5.677714417446454
2024-12-30,251.62302046123375,252.8899685500744,250.14658624824915,251.5930938720703,35557500,60.22558784274238,5.662170855822154,5.674605705121595
2024-12-31,251.8325261089863,252.670501064015,248.82975968702823,249.8173828125,39480700,56.71592497650245,5.090101956760037,5.5577049554492834
2025-01-02,248.3309608077005,248.5005651105234,241.23808511721737,243.26319885253906,55740700,46.049073257278245,4.0610520822642115,5.25837438081227
2025-01-03,242.7743682861328,243.5923870862029,241.3079045417172,242.7743682861328,40244100,45.36379799051708,3.16954159886032,4.8406078244218795
2025-01-06,243.72207367593157,246.73481040856498,242.61474424512696,244.41041564941406,45045600,48.145148721497485,2.5654554929923847,4.385577358135981
2025-01-07,242.3952722906863,244.9590949760797,240.76920518354387,241.62713623046875,40856000,44.03793051603972,1.8409047100404905,3.876642828516883
2025-01-08,241.33781457710975,243.12351544341067,239.47231962725974,242.11593627929688,37628900,44.92651136179611,1.2912503431323614,3.359564331439979
2025-01-10,239.4324132245663,239.58206138453855,232.4392881886217,236.280029296875,61710900,37.309502761904774,0.3803519164085003,2.7637218484336836
2025-01-13,232.96802072299363,234.10527676213235,229.16719172961072,233.83592224121094,49630700,34.65919239262219,-0.5326209399256641,2.1044532907618145
2025-01-14,234.1850763475817,235.55177458449063,231.9105643637605,232.71861267089844,39435300,33.488061960039715,-1.330973417706133,1.4173679490682252
2025-01-15,234.07533889356793,238.38495013235746,233.86583756026477,237.2975616455078,39832000,42.11972334080704,-1.576023179614225,0.8186897233317352
2025-01-16,236.77883010316478,237.4372302632713,227.4812511099753,227.710693359375,71759100,32.58499895816264,-2.51481777738627,0.1519882231881342
2025-01-17,231.5614090278119,231.73099810398455,227.93016912923343,229.4265594482422,68488300,35.40352944723202,-3.08480351182925,-0.49537012381534273
2025-01-21,223.46094530610958,223.87993275191027,218.85206818023312,222.10421752929688,98070400,29.69746285237467,-4.080337519393282,-1.2123636029309306
2025-01-22,219.26106511921876,223.58064673096774,219.26106511921876,223.29135131835938,64126500,31.621632455345065,-4.719114601754484,-1.9137138026956413
2025-01-23,224.19918327232872,226.4836658384098,221.76505253825962,223.1217803955078,60234800,31.48905539512056,-5.179328918227867,-2.5668368258020866
2025-01-24,224.23906824814947,225.08702882156655,220.877182986192,222.24388122558594,54697900,30.769794204045553,-5.550903841632675,-3.1636502289682045
2025-01-27,223.48089669223063,231.59132137138346,223.44098442848647,229.3068389892578,94863400,42.207196815860634,-5.215338802279291,-3.5739879436304216
2025-01-28,230.2944737209622,239.61199368769647,230.25456145518996,237.68663024902344,75707600,52.280251800409246,-4.224524282892588,-3.704095211482855
2025-01-29,233.55660081590926,239.2827933650634,233.4468649147594,238.78399658203125,45486100,53.42508606810479,-3.3125631795104766,-3.6257888050883795
2025-01-30,238.09563705158317,240.21053038482776,236.63915907674937,237.0182342529297,55658300,51.29270235763099,-2.7011722651706407,-3.440865497104832
2025-01-31,246.59515764263173,246.59515764263173,232.87824601959832,235.4320831298828,101075100,49.38583905198234,-2.317910273550069,-3.21627445239388
2025-02-03,229.43654993330725,231.27211844312274,225.15686500690927,227.4613037109375,73063300,41.11411815984345,-2.627064504150127,-3.0984324627451296
2025-02-04,226.70312948058964,232.5689843025687,226.10456727432145,232.23977661132812,45067300,46.86037388638668,-2.4581525787582734,-2.9703764859477584
2025-02-05,227.98004730881974,232.11008389811693,227.72067847197073,231.9105682373047,39620300,46.52354217687531,-2.32406267754709,-2.8411137242676245
2025-02-06,230.7334042435517,233.23737378273856,229.875473186273,232.6587677001953,29925300,47.4480848671488,-2.132836015141919,-2.6994581824424837
2025-02-07,232.04025529180169,233.43688010961284,226.71309440770742,227.08221435546875,39707200,41.666060367296176,-2.403561990727013,-2.64027894409939
2025-02-10,229.26935130196645,230.2880044885276,226.90244480659103,227.3518524169922,33115600,42.03388049112869,-2.566768627765015,-2.625576880832515
2025-02-11,227.90114370319637,234.92193591818142,227.83124330015124,232.3153533935547,53718400,48.47450459825581,-2.2694373552027116,-2.5543489757065547
2025-02-12,230.89721134547665,236.64967765066982,230.377888084301,236.55978393554688,45243300,53.25731718330374,-1.6720359177348314,-2.37788636411221
2025-02-13,236.5997394445533,242.02262084431055,235.2614980047627,241.21368408203125,53614100,57.87461017176157,-0.8136805243554477,-2.0650451961608574
2025-02-14,240.93404435379279,245.22841586050225,240.67439035154717,244.2796630859375,40896200,60.633518066577416,0.11267237418053355,-1.6295016820925792
2025-02-18,243.83025306858283,244.85890295305822,241.52328070167576,244.14984130859375,48822500,60.45297782258915,0.8268072682975003,-1.1382398920145633
2025-02-19,244.33958470767533,245.68780753699892,242.84154918255663,244.54930114746094,32204200,60.839363707240565,1.4087581010531949,-0.6288402934010118
2025-02-20,244.61922281669615,246.4568094488268,243.9700649298591,245.508056640625,32316900,61.80395922488378,1.9251301819996343,-0.11804619832088253
2025-02-21,245.6278941258364,248.36431123309396,244.89885442060717,245.22842407226562,53197400,61.32946682713262,2.2854495256412406,0.3626529464715421
2025-02-24,244.609226181644,248.53408727873096,244.09989957647335,246.77639770507812,51326400,63.02192427902416,2.665191072984925,0.8231605717742188
2025-02-25,247.67521063757022,249.67259136851834,244.58926106556868,246.71646118164062,48013300,62.90712211098183,2.927555570339166,1.2440395714872081
2025-02-26,244.01001367840516,244.65915630674968,238.8168269352331,240.0452117919922,44433600,51.6329282771193,2.567569905327474,1.5087456382552613
2025-02-27,239.09646458024955,242.14247324939222,236.74953612071198,236.98922729492188,41153600,47.438743928989325,2.0124875594086404,1.6094940224859373
2025-02-28,236.63967447024518,241.77294223985544,229.89851463379637,241.5232696533203,56833400,53.47695144343261,1.9163496410891128,1.6708651462065727
2025-03-03,241.47333193183624,243.71040379171194,235.80077808405883,237.71826171875,47184000,48.44699923624492,1.5156557713734742,1.639823271239953
2025-03-04,237.39870037793833,239.75561031847352,234.3726544629493,235.6210174560547,53798100,45.88518387712018,1.0171478607957738,1.5152881891511172
2025-03-05,235.11168617953675,236.2402111793479,228.92979032203158,235.4312744140625,47227600,45.6499915380133,0.5998513592919892,1.3322008231792917
2025-03-06,234.13297099659667,237.54849020730907,232.8546485518437,235.0218048095703,45170400,45.11260217346737,0.2334095009544228,1.1124425587343179
2025-03-07,234.80209169163373,241.05388787370777,234.45254396930395,238.7569122314453,46273600,50.8019485965043,0.2416085287773626,0.9382757527429268
2025-03-10,235.23152514577004,235.85072354308846,223.92635798057333,227.1820831298828,72071200,37.744918543885284,-0.6780692954606877,0.615006743102204
2025-03-11,223.51689291637274,225.54423318142804,217.16522145004404,220.55078125,76137400,32.57876258685246,-1.9198800564872727,0.10802938318430871
2025-03-12,219.85169651198805,221.4595886104368,214.6285501658544,216.69583129882812,62547500,30.007516181801762,-3.1784471154307994,-0.5492659165387129
2025-03-13,215.6671885752157,216.55602242060417,208.14705109128238,209.4053955078125,61368300,25.852018870166802,-4.709855533938452,-1.3813838400186607
2025-03-14,210.97334672214788,213.66980775083542,209.30553558500114,213.21041870117188,60107600,31.206631230623856,-5.552468763396519,-2.2156008246942323
2025-03-17,213.0306430192638,214.93814530685134,209.69502079955336,213.71974182128906,48073400,31.91538996780831,-6.108730061641836,-2.9942266720837534
2025-03-18,213.87952928252258,214.8682229774316,211.21302787332291,212.4114532470703,42432400,31.03100266612215,-6.57929706121169,-3.711240749909341
2025-03-19,213.93944620866878,218.47349365471302,213.470060528986,214.95811462402344,54385400,34.817401428657945,-6.6698446910754114,-4.302961538142555
2025-03-20,213.70975404736055,217.20517028159983,211.94206785632258,213.81961059570312,48862900,33.920825845033264,-6.755597774383659,-4.793488785390776
2025-03-21,211.2829271905112,218.5533916912833,211.0032951126973,217.98414611816406,94127800,40.00653485284277,-6.413582709378915,-5.117507570188405
2025-03-24,220.71056863168138,221.1899357355996,218.29373979930335,220.44091796875,44299500,43.32271816580552,-5.8765511266717,-5.2693162814850645
2025-03-25,220.48087718007702,223.80651793975238,219.79177838679217,223.45697021484375,34493600,47.18256942404615,-5.148233882677999,-5.245099801723652
2025-03-26,223.21727075576553,224.7253029108424,220.18125884970436,221.2398681640625,34466100,44.768943786238665,-4.695808468982534,-5.135241535175428
2025-03-27,221.1000540446544,224.69534536875565,220.271139232742,223.5568389892578,37094800,47.77558411803715,-4.103001045200045,-4.928793437180352
2025-03-28,221.3796909591809,223.51688772665744,217.39491092445158,217.6146240234375,39818600,41.53125653834098,-4.065815784009118,-4.756197906546105
2025-03-31,216.72579102857173,225.32451569687797,215.9468137615173,221.83909606933594,65299300,46.849806995991564,-3.6533530283148252,-4.535628930899849
2025-04-01,219.5221267668628,223.3870536043053,218.61331487709137,222.897705078125,36412700,48.12328033696586,-3.2041173526017985,-4.269326615240239
2025-04-02,221.03016017035932,224.89508702876748,220.73055001137135,223.59678649902344,35905900,48.99243381381577,-2.759870742867747,-3.9674354407657404
2025-04-03,205.27081771109022,207.2182761783418,200.9864426085102,202.9239044189453,103419000,31.94689918950563,-4.029481562223424,-3.9798446650572776
2025-04-04,193.6360793511012,199.61824028069563,187.09465424061224,188.13330078125,125910900,25.193288435216544,-6.158148089087803,-4.415505349863382
2025-04-07,176.967935484531,193.89573468350994,174.39131242893686,181.2223663330078,160466300,22.77100443265722,-8.307028052284778,-5.193809890347661
2025-04-08,186.4554964395268,190.09072892121037,168.9884109270566,172.19419860839844,120859500,20.057863232743216,-10.616152194618365,-6.278278351201802
2025-04-09,171.72480450043201,200.3472738997123,171.6648855169899,198.58958435058594,184395900,41.86654521008921,-10.198698432743782,-7.0623623675101985
2025-04-10,188.82240088513313,194.52491452460524,182.76034285398336,190.17062377929688,121880000,38.27951344972466,-10.427007030320993,-7.735291300072358
2025-04-11,185.856281088865,199.27866665425725,185.81632494094944,197.89048767089844,87435900,43.09412296199625,-9.871225398547807,-8.16247811976745
2025-04-14,211.1630921847052,212.6611277249045,200.8965565016436,202.25477600097656,101352900,45.67416404391513,-8.975142995203043,-8.325011094854569
2025-04-15,201.59564256833872,203.24347561495443,199.53834280484799,201.87527465820312,51343900,45.4810629776104,-8.201076911718815,-8.300224258227418
2025-04-16,198.10021911176236,200.4371508814261,192.11805840887246,194.0155792236328,59732400,41.56195593130883,-8.128139565744249,-8.265807319730785
2025-04-17,196.94174374665747,198.56961397436802,194.16538565496842,196.72203063964844,51334300,43.37150652000851,-7.762467292084949,-8.165139314201618
2025-04-21,193.01688474432112,193.54618940120912,189.56140949031536,192.9070281982422,46742500,41.42431075370802,-7.691841434349129,-8.070479738231121
2025-04-22,195.8631544964882,201.32599215129426,195.71335703344474,199.47842407226562,52976400,45.92758474532011,-7.024637556607246,-7.861311301906347
2025-04-23,205.7302222309065,207.7276030292648,202.5344160012944,204.33206176757812,52929200,49.04363065884806,-6.034661852692125,-7.495981412063503
2025-04-24,204.62166872266098,208.5565112075726,202.67422555441442,208.09710693359375,47311000,51.38405358206697,-4.889923303872024,-6.974769790425208
2025-04-25,206.0997277622984,209.47530610539675,205.92995222724628,209.00592041015625,38222300,51.95765382424396,-3.864824809613424,-6.352780794262851
2025-04-28,209.72497582911666,211.2230113707532,207.1883090170199,209.8647918701172,38743100,52.52769859245146,-2.9491274134924197,-5.672050118108765
2025-04-29,208.41669143858087,211.96204522644123,208.09710321217068,210.9333953857422,36827600,53.2706284402446,-2.112847664134165,-4.960209627313845
2025-04-30,209.02590396975114,213.30029766677714,206.399343338795,212.22171020507812,52286500,54.201204055541055,-1.3307931437026355,-4.234326330591603
2025-05-01,208.80618155790114,214.2790004444518,208.62640936955898,213.04063415527344,57365700,54.81714860449715,-0.6375793650731509,-3.514976937487913
2025-05-02,205.82009105417706,206.71892151455646,201.89524528415058,205.08106994628906,101010600,48.052654254733156,-0.7221482860650781,-2.956411207203346
2025-05-05,202.83402512431957,203.83271551835597,197.9504297070337,198.62953186035156,69018500,43.37996643480837,-1.294828988443328,-2.6240947634513425
2025-05-06,197.9504203457911,200.38721199140494,196.7619763948813,198.25001525878906,51216500,43.11436915804977,-1.7590293931270935,-2.451081689386493
2025-05-07,198.90915494694545,199.1788056079939,192.99690991055434,195.99298095703125,68536700,41.48753204513526,-2.282721570234628,-2.41740966555612
2025-05-08,197.46106353953903,199.78801395815432,194.42503624466005,197.2313690185547,50478900,42.76366847464627,-2.568218996733151,-2.4475715317915263
2025-05-09,198.739389980464,200.2773664943336,197.28129528859796,198.27000427246094,36453900,43.86937420592839,-2.6797777693564626,-2.494012779304514
2025-05-12,210.97000122070312,211.27000427246094,206.75,210.7899932861328,63775800,55.123511492072026,-1.7378970257985316,-2.3427896286033176
2025-05-13,210.42999267578125,213.39999389648438,209.0,212.92999267578125,51909300,56.72080910506896,-0.8094389759644116,-2.0361194980755366
2025-05-14,212.42999267578125,213.94000244140625,210.5800018310547,212.3300018310547,49253000,56.117718395250705,-0.12065271967981062,-1.6530261423963915
2025-05-15,210.9949951171875,212.52999877929688,210.0800018310547,210.35000610351562,7588316,54.074399099268675,0.26242121475294766,-1.2699366709665236
